{
  "Double A-Arm": {
    "CHAS_LowFor_L": [
      107.95,
      215.89999936,
      131.2672
    ],
    "CHAS_LowFor_R": [
      107.95,
      215.89999936,
      131.2672
    ],
    "CHAS_LowAft_L": [
      -76.2,
      215.89999936,
      131.2672
    ],
    "CHAS_LowAft_R": [
      -76.2,
      215.89999936,
      131.2672
    ],
    "CHAS_UppFor_L": [
      150.600623436954,
      263.805493304172,
      289.811649120065
    ],
    "CHAS_UppFor_R": [
      150.600623436954,
      263.805493304172,
      289.811649120065
    ],
    "CHAS_UppAft_L": [
      -76.2001685761387,
      264.020269051221,
      289.854035910645
    ],
    "CHAS_UppAft_R": [
      -76.2001685761387,
      264.020269051221,
      289.854035910645
    ],
    "UPRI_LowPnt_L": [
      -0.14343536,
      584.27898932,
      120.22468921
    ],
    "UPRI_LowPnt_R": [
      -0.14343536,
      584.27898932,
      120.22468921
    ],
    "UPRI_UppPnt_L": [
      -15.56952936,
      550.83822074,
      299.26833616
    ],
    "UPRI_UppPnt_R": [
      -15.56952936,
      550.83822074,
      299.26833616
    ],
    "CHAS_TiePnt_L": [
      90.4250861830822,
      212.407374129251,
      180.01056268452
    ],
    "CHAS_TiePnt_R": [
      90.4250861830822,
      212.407374129251,
      180.01056268452
    ],
    "UPRI_TiePnt_L": [
      81.3231803566912,
      580,
      176.671935765745
    ],
    "UPRI_TiePnt_R": [
      81.3231803566912,
      580,
      176.671935765745
    ]
  },
  "Push Pull": {
    "NSMA_PPAttPnt_L_L": [
      3.83655545,
      472.65249847,
      314.35176071
    ],
    "NSMA_PPAttPnt_L_R": [
      3.83655545,
      472.65249847,
      314.35176071
    ],
    "CHAS_AttPnt_L_L": [
      3.83885720915255,
      100.814094182891,
      643.481416146198
    ],
    "CHAS_AttPnt_L_R": [
      3.83885720915255,
      100.814094182891,
      643.481416146198
    ],
    "CHAS_RocAxi_L_L": [
      -0.477754296915482,
      245.919333217058,
      598.987119892319
    ],
    "CHAS_RocAxi_L_R": [
      -0.477754296915482,
      245.919333217058,
      598.987119892319
    ],
    "CHAS_RocPiv_L_L": [
      3.83750331595061,
      245.919315144572,
      598.987150363068
    ],
    "CHAS_RocPiv_L_R": [
      3.83750331595061,
      245.919315144572,
      598.987150363068
    ],
    "ROCK_RodPnt_L_L": [
      3.837,
      291.907122599306,
      605.312192289347
    ],
    "ROCK_RodPnt_L_R": [
      3.837,
      291.907122599306,
      605.312192289347
    ],
    "ROCK_CoiPnt_L_L": [
      3.837,
      269.944013820297,
      667.080921196824
    ],
    "ROCK_CoiPnt_L_R": [
      3.837,
      269.944013820297,
      667.080921196824
    ]
  },
  "Wheels": {
    "Half Track": {
      "left": 612,
      "right": 612
    },
    "Longitudinal Offset": {
      "left": 0,
      "right": 0
    },
    "Lateral Offset": {
      "left": 0,
      "right": 0
    },
    "Vertical Offset": {
      "left": 4.73168606,
      "right": 4.73168606
    },
    "Static Camber": {
      "left": -0.9599999999999999,
      "right": -0.9599999999999999
    },
    "Static Toe": {
      "left": 0.5,
      "right": 0.5
    },
    "Rim Diameter": {
      "left": 254,
      "right": 254
    },
    "Tire Diameter": {
      "left": 411.48,
      "right": 411.48
    },
    "Tire Width": {
      "left": 213.36,
      "right": 213.36
    }
  }
}