{
  "Double A-Arm": {
    "CHAS_LowFor_L": [
      217.40000005,
      215.89999931,
      131.2672
    ],
    "CHAS_LowFor_R": [
      217.40000005,
      215.89999931,
      131.2672
    ],
    "CHAS_LowAft_L": [
      -115.951,
      215.89999931,
      131.2672
    ],
    "CHAS_LowAft_R": [
      -115.951,
      215.89999931,
      131.2672
    ],
    "CHAS_UppFor_L": [
      217.425074327157,
      261.414531156243,
      279.508062182164
    ],
    "CHAS_UppFor_R": [
      217.425074327157,
      261.414531156243,
      279.508062182164
    ],
    "CHAS_UppAft_L": [
      -114.623031997999,
      261.412532285375,
      279.503057028815
    ],
    "CHAS_UppAft_R": [
      -114.623031997999,
      261.412532285375,
      279.503057028815
    ],
    "UPRI_LowPnt_L": [
      0,
      533.26,
      120.21201502
    ],
    "UPRI_LowPnt_R": [
      0,
      533.26,
      120.21201502
    ],
    "UPRI_UppPnt_L": [
      0,
      533.26,
      302.81235503
    ],
    "UPRI_UppPnt_R": [
      0,
      533.26,
      302.81235503
    ],
    "CHAS_TiePnt_L": [
      -113.863905016779,
      232.653360842788,
      205.150761219651
    ],
    "CHAS_TiePnt_R": [
      -113.863905016779,
      232.653360842788,
      205.150761219651
    ],
    "UPRI_TiePnt_L": [
      -97.7025483991489,
      519.283275654131,
      212.763801693702
    ],
    "UPRI_TiePnt_R": [
      -97.7025483991489,
      519.283275654131,
      212.763801693702
    ],
    "Tierod Attachment_L": [
      "Chassis",
      0,
      0
    ],
    "Tierod Attachment_R": [
      "Chassis",
      0,
      0
    ]
  },
  "Push Pull": {
    "NSMA_PPAttPnt_L_L": [
      25.39999964,
      463.33485863,
      138.66018237
    ],
    "NSMA_PPAttPnt_L_R": [
      25.39999964,
      463.33485863,
      138.66018237
    ],
    "CHAS_AttPnt_L_L": [
      25.1227738828688,
      94.0930005745882,
      360.829980441855
    ],
    "CHAS_AttPnt_L_R": [
      25.1227738828688,
      94.0930005745882,
      360.829980441855
    ],
    "CHAS_RocAxi_L_L": [
      0,
      266.7,
      321.77201348
    ],
    "CHAS_RocAxi_L_R": [
      0,
      266.7,
      321.77201348
    ],
    "CHAS_RocPiv_L_L": [
      25.4,
      266.7,
      321.77201348
    ],
    "CHAS_RocPiv_L_R": [
      25.4,
      266.7,
      321.77201348
    ],
    "ROCK_RodPnt_L_L": [
      25.4,
      313.615848074677,
      342.620138776461
    ],
    "ROCK_RodPnt_L_R": [
      25.4,
      313.615848074677,
      342.620138776461
    ],
    "ROCK_CoiPnt_L_L": [
      25.4,
      259.502276346221,
      403.220962844004
    ],
    "ROCK_CoiPnt_L_R": [
      25.4,
      259.502276346221,
      403.220962844004
    ]
  },
  "Wheels": {
    "Half Track": {
      "left": 584.2,
      "right": 584.2
    },
    "Longitudinal Offset": {
      "left": 0,
      "right": 0
    },
    "Lateral Offset": {
      "left": 0,
      "right": 0
    },
    "Vertical Offset": {
      "left": 4.27201516,
      "right": 4.27201516
    },
    "Static Camber": {
      "left": 0,
      "right": 0
    },
    "Static Toe": {
      "left": -0.5,
      "right": -0.5
    },
    "Rim Diameter": {
      "left": 254,
      "right": 254
    },
    "Tire Diameter": {
      "left": 411.48,
      "right": 411.48
    },
    "Tire Width": {
      "left": 213.36,
      "right": 213.36
    }
  }
}